RMSE,MAE
76805.78023316007,60843.70068806895
