RMSE,MAE
52978.42299732715,39650.7376577147
