RMSE,MAE
87326.805076626,73098.86466871075
