RMSE,MAE
134762.69529567726,105530.48648740111
