RMSE,MAE
59783.674527003895,49570.34492569689
