RMSE,MAE
67609.60236147536,57068.219768227675
