RMSE,MAE
126905.47988422052,84713.69963063704
