RMSE,MAE
66228.18741129343,57733.16813491448
