RMSE,MAE
53354.8136224371,41866.61944848216
