RMSE,MAE
82511.58870347528,72835.21554284368
