RMSE,MAE
94371.44022664937,82299.52016910898
