RMSE,MAE
112436.37604219954,90974.15884191608
