RMSE,MAE
62967.544383025874,48474.395319114876
