RMSE,MAE
109430.36907319093,96512.35759233047
