RMSE,MAE
47816.64535977166,37098.059411543334
