RMSE,MAE
158199.52362748657,135006.06196654803
