RMSE,MAE
41973.59071675103,32343.842912040265
