RMSE,MAE
28592.580632128294,26724.166666666664
