RMSE,MAE
61650.98353196468,52412.51180806849
