RMSE,MAE
75598.23904749489,61214.05377433417
