RMSE,MAE
68074.24913684846,53814.965452568824
