RMSE,MAE
88696.84585959032,72184.54207889899
