RMSE,MAE
58750.077665964796,47883.58362360452
