RMSE,MAE
187776.7632562521,162579.7364423232
