RMSE,MAE
112808.2115572042,97596.97339658337
