RMSE,MAE
102632.21625804379,78416.60857030966
