RMSE,MAE
88192.52834906113,70157.07660454718
