RMSE,MAE
68560.42605800033,52182.41083323676
