RMSE,MAE
105562.81309558002,88029.04086003374
