RMSE,MAE
227384.64722977558,209472.15328149256
