RMSE,MAE
108031.29579624392,91401.09277631146
