RMSE,MAE
142137.85636933582,124359.81074101497
