RMSE,MAE
121880.33838072249,102292.94625938984
