RMSE,MAE
177744.03554700033,151507.27261140954
