RMSE,MAE
170839.75604694046,149766.2477611934
