RMSE,MAE
100583.43572198274,85310.43007732734
