RMSE,MAE
112935.60126917395,93375.33798019473
