RMSE,MAE
59878.29445109627,42825.245848400395
