RMSE,MAE
66322.62757911718,50330.53444843361
