RMSE,MAE
108229.8456501645,89156.654304865
