RMSE,MAE
98863.11027745312,81482.13652642863
