RMSE,MAE
263297.1570454358,178464.24093971847
