RMSE,MAE
498479.9906818886,368043.2026997572
