RMSE,MAE
1305057.6542021418,619656.654577266
