RMSE,MAE
385546.3714757492,300247.06995840895
