RMSE,MAE
55132.09800111514,44761.43331126544
