RMSE,MAE
89559.06518262833,75980.78351767744
