RMSE,MAE
78004.91734212452,64470.801409969856
