RMSE,MAE
199424.29905656422,159234.5578029363
