RMSE,MAE
96095.64485858375,78199.94863298321
