RMSE,MAE
77635.51616761588,66302.65865831745
