RMSE,MAE
112027.1850919033,94327.62458498307
