RMSE,MAE
74813.19671266072,62035.90721723264
