RMSE,MAE
131715.5000543692,109400.55122226053
