RMSE,MAE
116182.87516301866,98725.86529917871
