RMSE,MAE
63821.84930669987,49028.8728022619
