RMSE,MAE
193249.9696650479,154827.90041956486
