RMSE,MAE
128804.18066467176,106709.20810077607
