RMSE,MAE
67237.82289861096,54722.41047656949
