RMSE,MAE
145723.7487306571,120921.44881519683
