RMSE,MAE
41140.77181044939,33831.12611606424
