RMSE,MAE
60817.75546347906,45625.60001750213
