RMSE,MAE
50750.02367245025,39424.35591579685
