RMSE,MAE
72997.63070172345,55042.70129008628
