RMSE,MAE
73452.62870627419,55251.16261016538
