RMSE,MAE
50887.17572695787,41066.48499987357
