RMSE,MAE
127690.30052069164,105922.00951552896
