RMSE,MAE
90450.67253426905,67272.14926163362
