RMSE,MAE
59070.75571000077,47143.35381254497
