RMSE,MAE
133242.11444795743,99328.29014012605
