RMSE,MAE
80391.75810274956,62905.335878493024
