RMSE,MAE
63733.69894383321,47011.9638928233
