RMSE,MAE
74560.54190150222,62297.714740390875
