RMSE,MAE
82368.52632663253,64184.49278860625
