RMSE,MAE
61943.663047171525,49680.34217864589
