RMSE,MAE
100847.10728971672,77173.8592925103
