RMSE,MAE
53832.69577164979,43253.96034431448
