RMSE,MAE
170529.13406257806,144185.62267952054
