RMSE,MAE
65332.335018480364,52049.56854701208
