RMSE,MAE
196400.14716132768,172017.91798282953
