RMSE,MAE
74989.79458350338,54699.992123748394
