RMSE,MAE
131282.93197423534,100429.59136098069
