RMSE,MAE
75693.76084012016,58356.46888864396
