RMSE,MAE
109211.39663587546,89148.68279307568
