RMSE,MAE
70445.84049839021,60794.13482953201
