RMSE,MAE
61671.925750267874,50766.97057297695
