RMSE,MAE
125512.9630115624,105082.88213576132
