RMSE,MAE
161485.46676935945,121113.727984848
