RMSE,MAE
154480.82853418775,98850.36377402791
