RMSE,MAE
88599.4038781392,72432.58020110834
