RMSE,MAE
172765.5210389018,145392.44443053292
