RMSE,MAE
1122398.6058087463,516296.46458248346
