RMSE,MAE
192712.68271774377,163079.869650694
