RMSE,MAE
138177.8642233315,116484.1524277701
