RMSE,MAE
109283.58255272299,85479.53887310153
