RMSE,MAE
394997.80483125336,340066.80069734924
