RMSE,MAE
81115.03215619309,66269.73005869768
