RMSE,MAE
100509.63246502554,82655.87139227774
