RMSE,MAE
45737.15252623086,37785.16472083146
