RMSE,MAE
69648.28174254799,56613.04810655492
