RMSE,MAE
296235.01262293337,217122.47304379463
