RMSE,MAE
365927.1879790351,239989.57694187833
