RMSE,MAE
81543.80974882406,68619.96315643677
