RMSE,MAE
307210.85820911685,254885.67778870676
