RMSE,MAE
108511.1046568838,77627.28626975606
