RMSE,MAE
198857.76781887715,163763.7856526607
