RMSE,MAE
124558.36299409304,97112.32519516358
