RMSE,MAE
256695.35077371376,221020.6870346988
