RMSE,MAE
527415.6988442175,437490.27595662
