RMSE,MAE
87248.70408848852,75790.40897861823
