RMSE,MAE
87938.77252848596,74282.31079196808
