RMSE,MAE
49464.832272316,38705.92046650456
