RMSE,MAE
48590.90879525096,36931.74198462954
