RMSE,MAE
68483.18864768298,54464.44635176788
