RMSE,MAE
118787.6188573663,86061.5580099678
