RMSE,MAE
82633.06717875839,72987.89123275377
