RMSE,MAE
65206.44906777097,49924.10919980886
