RMSE,MAE
96885.73508290212,79175.55805017956
