RMSE,MAE
57676.41350307425,45784.719663540636
