RMSE,MAE
47645.278035759475,36897.690674975034
