RMSE,MAE
32542.09796025102,26211.644755093774
