RMSE,MAE
75372.03411911869,61224.65908846979
