RMSE,MAE
41128.520844066545,31532.718841018974
