RMSE,MAE
81985.96891787261,67436.40932641986
