RMSE,MAE
158035.60767615185,126571.75913330301
