RMSE,MAE
122291.98581184392,103788.50812977897
