RMSE,MAE
106911.71770899202,90711.06367267683
