RMSE,MAE
106957.26532417221,89572.95860788133
