RMSE,MAE
110694.78113208225,95441.67368114143
