RMSE,MAE
84014.37064647608,64216.402917260275
