RMSE,MAE
146589.8842922528,117950.44299922434
