RMSE,MAE
70186.06041565034,54306.08383804243
