RMSE,MAE
64341.47120757813,53665.56649923035
