RMSE,MAE
603880.9474480718,544131.7526202876
