RMSE,MAE
49214.3526926182,38165.77381920363
