RMSE,MAE
136145.72279729907,107598.31912113627
