RMSE,MAE
120904.79544979695,99858.09525273791
