RMSE,MAE
164380.17388450546,145336.03007026162
