RMSE,MAE
114267.95940935737,86955.37329832294
