RMSE,MAE
109318.16150168689,92099.02077200657
