RMSE,MAE
152957.13606559782,133028.39760366306
