RMSE,MAE
180212.44284926815,147225.47018422736
