RMSE,MAE
57789.410433994024,43165.802144550784
