RMSE,MAE
42604.817309871905,35051.33903884381
