RMSE,MAE
79418.90405166183,64318.20773454023
