RMSE,MAE
138112.4213380865,116634.34655578142
