RMSE,MAE
144047.89243074192,125804.81090609502
