RMSE,MAE
194546.66303340206,173914.83528008976
