RMSE,MAE
74348.92109855251,53397.01538246185
