RMSE,MAE
89747.40401435025,75983.76030727423
