RMSE,MAE
50747.86274195087,39442.90177305564
