RMSE,MAE
35914.006054545665,29027.524382174648
