RMSE,MAE
101559.41695335794,86499.58606358859
