RMSE,MAE
69751.78859694453,54376.31306540007
