RMSE,MAE
50151.814552274256,39771.801364043065
