RMSE,MAE
73688.32439938195,60122.46553051466
