RMSE,MAE
130394.3561819243,111089.8384378965
