RMSE,MAE
658495.016864744,522342.26748844044
