RMSE,MAE
186583.92839590603,144057.33834536548
