RMSE,MAE
86997.25722078739,72236.68089575763
