RMSE,MAE
346720.37859168224,248207.35431855675
