RMSE,MAE
211063.150915161,169400.93799721875
