RMSE,MAE
184952.5827709477,149338.0025482761
