RMSE,MAE
125254.57579427108,109071.31393087347
