RMSE,MAE
83357.1053129649,68452.26127258448
