RMSE,MAE
150472.25702415107,127229.73875761761
