RMSE,MAE
72366.44357445979,59351.48376018563
