RMSE,MAE
710291.8928860484,577444.5825401673
