RMSE,MAE
145658.038178706,112479.37047049764
