RMSE,MAE
125499.51170707465,106582.74348209107
