RMSE,MAE
1039149.5835262547,755515.6058781868
