RMSE,MAE
97560.91671608773,80904.49877459131
