RMSE,MAE
480717.3017206981,371169.3602977484
