RMSE,MAE
329619.34058867506,270432.387650558
