RMSE,MAE
1245025.3890484713,1002585.3457094249
