RMSE,MAE
156056.68767744245,127116.47099544003
