RMSE,MAE
132478.3244600371,118804.36146446619
