RMSE,MAE
69240.62237744471,50389.85852191774
