RMSE,MAE
376373.71716636413,297341.6228450077
