RMSE,MAE
145501.99083166072,111603.7463920489
