RMSE,MAE
99779.93822939822,79410.25292372762
