RMSE,MAE
92949.502892022,77215.25661127591
