RMSE,MAE
130244.69878051954,81954.46608221317
