RMSE,MAE
76749.22801896761,60307.49301985651
