RMSE,MAE
65042.81134814749,46700.98894592066
