RMSE,MAE
86036.65013339352,73585.43629186049
