RMSE,MAE
78194.40992375,64158.433921198455
