RMSE,MAE
182584.40789281193,157311.70004092134
