RMSE,MAE
131349.71284978688,114958.8340787116
