RMSE,MAE
104179.83696879393,78202.66127167964
