RMSE,MAE
63175.50351182649,47539.012409568546
