RMSE,MAE
178525.5560709965,144854.74814800147
