RMSE,MAE
70922.89934291648,55537.24978895565
