RMSE,MAE
55744.91025478092,44292.43721100289
