RMSE,MAE
52520.58090659576,38403.639383194924
