RMSE,MAE
121248.34917228878,108195.92804700663
