RMSE,MAE
72457.5853435553,59925.46126112127
