RMSE,MAE
61883.6521203631,51241.15263677761
