RMSE,MAE
40848.67108190816,30224.882718438606
