RMSE,MAE
67480.14014809583,51279.078564760595
