RMSE,MAE
608063.207965803,541917.47181523
