RMSE,MAE
521330.8992448905,428016.9934976032
