RMSE,MAE
220708.140092021,171868.1429472991
