RMSE,MAE
84169.93162044208,64267.1805050542
