RMSE,MAE
423183.07085642504,349849.6355424168
