RMSE,MAE
2010277.0736070508,1605257.1060593
