RMSE,MAE
390023.0471543629,286469.61332790845
