RMSE,MAE
85448.80276352394,68891.56079565927
