RMSE,MAE
103570.51558913443,79077.17615142232
