RMSE,MAE
129192.81285099506,108724.90976288219
