RMSE,MAE
284588.99871044647,221887.07564912908
