RMSE,MAE
74159.1036701885,62534.0053705607
