RMSE,MAE
1133373.2354676423,841460.0493630905
