RMSE,MAE
179340.99428087234,147700.14834761937
