RMSE,MAE
252284.00772117756,191504.18093514876
