RMSE,MAE
866404.8215967207,602813.595029229
