RMSE,MAE
35129.38456720677,30647.81525118967
